11,42,71,108,119,174,215,246,284,461,540,547,641,755,756
11,71,108,119,174,215,246,284,425,461,540,547,641,755,756
11,71,108,119,170,174,215,246,284,461,540,547,641,755,756
42,69,71,79,119,170,174,186,216,461,493,540,547,571,794
12,42,69,71,119,170,174,186,320,445,461,518,547,571,794
17,42,69,71,119,170,174,186,320,445,461,518,547,571,794
42,69,71,119,170,174,186,320,445,461,518,547,571,755,794
42,69,71,79,119,170,174,186,320,445,461,518,547,571,794
12,42,69,71,79,119,170,174,186,216,445,461,547,571,794
42,69,71,79,119,170,174,186,216,445,461,493,547,571,794
42,69,71,79,119,170,174,186,216,320,445,461,547,571,794
42,69,71,79,119,170,174,186,216,445,461,547,571,755,794
12,42,69,71,119,170,174,186,320,445,461,547,571,755,794
12,42,69,71,79,119,170,174,186,445,461,547,571,755,794
42,69,71,79,119,170,174,186,320,445,461,547,571,755,794
42,69,71,119,170,174,186,320,445,461,547,571,739,755,794
12,42,69,71,79,119,170,174,186,320,445,461,547,571,794
12,42,69,71,79,119,170,174,186,320,461,547,571,755,794
12,42,69,71,79,119,170,174,186,216,461,547,571,755,794
12,42,69,71,119,170,174,186,320,461,547,571,739,755,794
12,42,69,71,119,170,174,186,320,461,518,547,571,755,794
12,42,69,71,79,119,170,174,186,320,461,518,547,571,794
12,42,69,71,79,119,170,174,186,216,320,461,547,571,794
12,42,69,71,79,119,170,174,186,216,461,493,547,571,794
42,69,71,79,119,170,174,186,320,461,547,571,739,755,794
42,69,71,119,170,174,186,320,461,518,547,571,739,755,794
42,69,71,79,119,170,174,186,216,320,461,518,547,571,794
42,69,71,79,119,170,174,186,320,461,518,547,571,755,794
42,69,71,79,119,170,174,186,216,320,461,547,571,755,794
42,69,71,79,119,170,174,186,216,320,461,493,547,571,794
42,69,71,79,119,170,174,186,216,461,493,547,571,755,794
42,71,119,165,170,174,284,303,445,461,518,547,571,625,641
42,71,119,165,170,174,284,303,369,445,461,518,547,571,625
42,71,119,165,170,174,284,303,369,445,461,518,547,571,641
22,42,71,119,165,170,174,284,303,369,445,461,518,547,625
11,22,42,71,119,170,174,284,303,369,445,461,518,547,625
42,69,71,119,165,170,174,284,303,369,445,461,518,547,641
42,69,71,119,165,170,174,284,303,320,369,445,461,547,641
42,71,119,165,170,174,284,303,369,445,461,518,547,625,641
42,71,119,165,170,174,284,303,369,445,461,518,547,566,625
42,71,119,165,170,174,284,303,369,461,518,547,571,625,641
42,69,71,119,165,170,174,284,303,369,461,518,547,625,641
42,69,71,119,165,170,174,284,303,369,461,518,547,566,641
42,69,71,119,165,170,174,284,303,320,369,461,518,547,641
42,71,119,170,174,284,303,369,461,476,518,540,547,641,755
42,69,71,119,165,174,284,303,320,369,461,518,547,625,641
42,69,71,119,165,174,284,303,369,461,518,547,566,625,641
42,69,71,119,165,174,284,303,320,369,461,476,518,547,641
42,69,71,119,165,174,284,303,320,369,461,518,547,566,641
42,69,71,119,165,170,174,284,303,320,369,461,547,641,755
42,69,71,119,165,170,174,284,303,320,369,461,476,547,641
42,69,71,119,165,170,174,284,303,320,369,461,547,566,641
42,71,119,170,174,284,303,320,369,461,476,540,547,641,755
42,71,119,165,170,174,284,303,369,461,476,540,547,641,755
42,69,71,119,170,174,186,215,320,445,461,547,571,739,755
42,69,71,119,170,174,186,215,320,461,518,547,571,739,755
42,69,71,119,170,174,186,215,320,461,547,571,733,739,755
11,71,119,170,174,215,284,320,461,518,540,547,641,739,755
11,42,71,119,170,174,215,284,461,518,540,547,641,733,755
11,42,71,119,170,174,215,246,284,461,518,540,547,641,755
11,71,119,170,174,215,246,284,461,518,540,547,641,733,755
11,71,108,119,170,174,215,246,284,461,518,540,547,641,755
11,42,71,108,119,170,174,215,246,284,461,540,547,641,755
11,42,71,119,170,174,215,246,284,461,540,547,641,733,755
11,71,108,119,170,174,215,246,284,461,540,547,641,733,755
42,71,119,165,170,174,216,284,369,445,461,518,547,571,625,641
42,71,119,165,170,174,216,284,369,461,518,547,571,625,641
42,71,119,165,170,174,216,284,369,445,461,518,547,571,641
42,71,119,165,170,174,216,284,369,445,461,547,571,625,641
42,71,119,165,170,174,216,284,369,445,461,518,547,571,625
42,69,71,79,119,170,174,186,216,461,493,540,547,571,755
42,69,71,79,119,170,174,186,216,320,461,493,547,571,755
42,69,71,79,119,170,174,186,216,320,461,518,547,571,755
42,69,71,79,119,170,174,186,216,320,445,461,547,571,755
42,69,71,79,119,170,174,186,216,320,461,547,571,739,755
42,69,71,79,119,170,174,186,216,445,461,493,547,571,755
42,69,71,119,170,174,186,216,320,445,461,518,547,571,755
42,69,71,119,170,174,186,216,320,445,461,547,571,739,755
42,69,71,119,170,174,186,216,320,461,518,547,571,739,755
42,69,71,79,119,170,174,186,216,320,461,493,540,547,571
42,69,71,79,119,170,174,186,216,320,445,461,493,547,571
42,69,71,79,119,170,174,186,216,320,461,493,518,547,571
42,69,71,79,119,170,174,186,216,320,445,461,518,547,571
17,42,69,71,119,170,174,186,216,320,445,461,518,547,571
42,69,71,119,170,174,186,216,284,320,445,461,518,547,571
42,69,71,119,170,174,186,216,320,445,461,518,547,571,625
42,69,71,79,119,170,174,186,216,445,461,493,540,547,571
71,79,119,170,174,216,320,445,461,493,518,540,547,550,694
17,42,71,79,119,170,174,216,284,445,461,493,518,547,694
17,42,71,119,170,174,216,284,369,445,461,493,518,547,694
17,42,71,119,170,174,216,284,369,445,461,518,547,625,694
17,42,119,170,174,216,284,369,445,461,493,518,547,625,694
17,42,71,79,119,170,174,216,284,320,445,461,493,518,547
17,42,71,119,170,174,216,284,369,445,493,518,547,625,694
17,42,71,79,119,170,174,216,320,445,461,493,518,540,547
17,42,71,79,119,170,174,216,320,445,461,493,518,547,694
17,42,71,119,170,174,216,369,445,461,493,518,547,625,694
17,42,71,79,119,170,174,216,369,445,461,493,518,547,694
71,79,119,170,174,216,320,369,445,461,493,518,540,547,694
71,79,119,170,174,216,284,320,445,461,493,518,540,547,694
42,71,79,119,170,174,216,284,320,445,461,493,518,540,547
42,71,79,119,170,174,216,320,445,461,493,518,540,547,694
42,71,119,170,174,216,284,369,445,461,493,518,547,625,694
42,71,79,119,170,174,216,284,369,445,461,493,518,547,694
42,71,79,119,170,174,216,284,320,445,461,493,518,547,694
71,79,119,170,174,216,284,320,369,445,461,493,518,547,694
42,71,79,119,170,174,216,369,445,461,493,518,547,625,694
42,71,79,119,170,174,216,320,369,445,461,493,518,547,694
42,71,119,165,170,174,216,284,369,445,461,518,547,625,641
42,71,119,170,174,216,320,369,461,476,493,518,540,547,694
42,119,170,174,216,284,320,369,461,476,493,518,540,547,694
42,71,119,170,174,216,284,320,369,476,493,518,540,547,694
42,71,119,170,174,216,284,320,461,476,493,518,540,547,694
42,71,119,170,174,216,284,320,439,493,518,540,547,694,771
42,71,119,170,174,216,284,320,439,461,493,518,540,547,694
42,71,119,170,174,216,320,439,461,493,518,540,547,694,706
42,71,119,170,174,216,284,320,439,461,493,518,540,547,706
71,119,170,174,216,284,320,439,461,493,518,540,547,694,771
42,71,79,119,170,174,216,284,320,461,493,518,540,547,694
71,79,119,170,174,216,284,320,369,461,493,518,540,547,694
42,71,119,170,174,216,284,320,461,493,518,540,547,694,771
42,71,119,170,174,216,284,320,461,493,518,540,547,694,755
11,71,119,170,174,216,284,320,461,518,540,547,641,739,755
42,71,119,170,174,216,284,320,369,461,493,518,540,547,694
42,71,119,170,174,216,284,320,461,493,518,540,547,694,706
42,71,119,170,174,216,284,320,461,493,518,540,547,550,694
42,71,119,165,170,174,216,284,369,461,540,547,641,706,755
42,71,79,119,170,174,216,320,369,461,493,518,540,547,694
42,71,79,119,170,174,216,284,320,369,461,493,518,547,694
42,71,79,119,170,174,216,284,369,461,493,518,547,625,694
42,71,119,165,170,174,216,284,369,461,493,518,547,641,694
42,69,71,119,165,170,174,216,284,320,369,461,518,547,641
42,71,79,119,170,174,216,320,369,461,493,518,547,625,694
42,119,170,174,216,284,320,439,461,493,518,540,547,694,771
42,119,170,174,216,284,320,439,461,493,518,540,547,694,706
42,119,170,174,216,284,320,461,493,518,540,547,694,706,771
42,71,79,119,170,174,216,284,320,369,445,461,493,518,694
42,71,79,119,170,174,216,284,369,445,461,493,518,625,694
42,71,79,119,170,174,216,320,369,445,461,493,518,625,694
42,71,79,119,170,174,216,284,320,369,461,493,518,625,694
42,69,71,119,170,174,186,284,320,369,461,518,547,571,625
42,69,71,119,165,170,174,186,284,320,369,461,518,547,571
42,69,71,119,170,174,186,284,320,369,445,461,518,547,571
42,69,71,119,170,174,186,320,369,445,461,518,547,571,625
42,69,71,119,170,174,186,320,461,518,547,571,739,755,769
42,69,71,119,170,174,186,320,445,461,518,547,571,755,769
42,69,71,119,170,174,186,320,461,518,547,571,641,739,755
42,69,71,119,170,174,186,284,320,461,518,547,571,739,755
42,69,71,119,170,174,186,320,461,518,547,571,733,739,755
42,69,71,119,170,174,186,320,461,518,547,571,625,739,755
42,69,71,119,170,174,186,320,461,518,540,547,571,739,755
42,69,71,79,119,170,174,186,320,461,518,547,571,739,755
42,69,71,119,170,174,186,320,445,461,518,547,571,739,755
42,69,71,119,170,174,186,320,445,461,547,571,733,739,755
42,69,71,119,170,174,186,320,445,461,547,571,625,739,755
42,69,71,119,170,174,186,320,445,461,540,547,571,739,755
42,69,71,79,119,170,174,186,320,445,461,547,571,739,755
17,42,69,71,119,170,174,186,320,445,461,518,547,571,625
42,69,71,119,170,174,186,320,445,461,518,547,571,625,755
42,69,71,119,170,174,186,284,320,445,461,518,547,571,625
17,42,69,71,119,170,174,186,284,320,445,461,518,547,571
17,42,69,71,119,170,174,186,320,445,461,518,547,571,580
17,42,69,71,119,170,174,186,320,445,461,518,547,571,755
17,42,69,71,79,119,170,174,186,320,445,461,518,547,571
42,69,71,119,170,174,186,284,320,445,461,518,547,571,641
42,69,71,119,170,174,186,284,320,461,518,547,571,641,755
42,69,71,119,170,174,186,320,461,518,540,547,571,641,755
42,69,71,119,170,174,186,320,445,461,518,547,571,641,755
42,69,71,79,119,170,174,186,320,445,461,518,547,571,755
42,69,71,119,170,174,186,320,445,461,518,540,547,571,755
42,69,71,119,170,174,186,284,320,445,461,518,540,547,571
42,69,71,119,170,174,186,284,320,445,461,518,547,571,580
42,69,71,119,170,174,186,284,320,445,461,518,547,571,755
42,69,71,119,170,174,186,284,320,461,518,540,547,571,755
17,42,69,79,119,170,174,186,320,445,461,518,547,571,755
42,119,165,170,174,284,369,445,461,476,518,547,571,625,755
42,71,119,165,170,174,284,369,445,461,476,518,547,571,755
42,71,119,165,170,174,284,369,445,461,476,518,547,571,625
42,69,71,119,165,170,174,284,369,445,461,547,571,625,641
42,71,119,165,170,174,284,369,445,461,493,547,571,625,641
42,71,119,165,170,174,284,369,445,461,547,571,625,641,755
42,71,119,165,170,174,284,369,445,461,540,547,571,625,641
22,42,71,119,165,170,174,284,369,445,461,547,571,625,641
42,71,119,165,170,174,284,369,445,461,518,547,571,625,641
42,71,119,165,170,174,284,445,461,493,518,547,571,625,641
22,42,71,119,165,170,174,284,445,461,518,547,571,625,641
42,71,119,165,170,174,284,369,445,461,540,547,571,641,755
42,71,119,165,170,174,284,369,445,461,518,540,547,571,641
71,119,165,170,174,284,369,445,461,518,540,547,571,641,755
69,71,119,170,174,284,320,445,461,518,540,547,571,641,755
42,69,71,119,170,174,320,445,461,518,540,547,571,641,755
42,71,119,165,170,174,284,320,369,445,461,518,547,571,641
69,71,119,165,170,174,284,320,369,445,461,518,547,571,641
42,69,71,119,170,174,284,320,445,461,518,547,571,641,755
42,69,71,119,165,170,174,284,369,445,461,518,547,571,641
42,71,119,165,170,174,284,369,445,461,518,547,571,641,755
22,42,71,119,165,170,174,284,369,445,461,518,547,571,641
42,71,119,165,170,174,284,369,445,461,493,518,547,571,641
42,71,119,165,170,174,284,369,445,461,540,547,571,625,755
42,71,119,165,170,174,284,369,445,461,518,540,547,571,755
42,71,119,165,170,174,284,369,445,461,518,540,547,571,625
42,69,71,119,170,174,284,320,445,461,518,540,547,571,755
42,119,165,170,174,284,369,445,461,518,540,547,571,625,755
22,42,71,119,165,170,174,284,369,445,461,518,547,571,625
42,71,119,165,170,174,284,369,445,461,518,547,571,625,733
42,71,119,165,170,174,284,369,445,461,518,547,571,625,706
17,42,71,119,165,170,174,284,369,445,461,518,547,571,694
42,71,119,165,170,174,284,369,445,461,518,547,571,625,694
17,42,71,119,170,174,284,369,445,461,518,547,571,625,694
17,42,119,165,170,174,284,369,445,461,518,547,571,625,694
42,71,119,165,170,174,284,369,445,461,518,547,565,571,625
42,119,165,170,174,284,369,445,461,518,547,571,596,625,755
42,71,119,165,170,174,284,369,445,461,518,547,571,596,755
42,71,119,165,170,174,284,369,445,461,547,571,596,625,755
42,71,119,165,170,174,284,369,445,461,518,547,571,596,625
42,71,119,165,170,174,284,369,445,461,518,547,571,625,755
69,71,119,165,170,174,284,320,369,445,461,518,547,571,755
42,71,119,165,170,174,284,369,439,445,461,518,547,571,625
42,69,71,119,170,174,284,320,369,445,461,518,547,571,625
42,69,71,119,165,170,174,284,369,445,461,518,547,571,625
17,42,71,119,165,170,174,284,369,445,461,518,547,571,625
42,71,119,165,170,174,284,369,445,461,493,518,547,571,625
42,71,119,165,170,174,284,320,369,445,461,518,547,571,625
42,71,119,165,170,174,284,369,445,461,518,547,566,571,625
11,42,71,119,165,170,174,284,369,445,461,518,547,571,625
42,69,71,119,165,170,174,284,320,369,445,461,518,547,571
42,71,119,165,170,174,284,369,461,476,518,547,571,625,755
42,69,71,119,170,174,284,320,461,518,540,547,571,641,755
42,71,119,165,170,174,284,369,461,518,540,547,571,641,755
42,71,119,165,170,174,284,369,461,540,547,571,625,641,755
42,71,119,165,170,174,284,369,461,518,547,571,625,641,755
69,71,119,165,170,174,284,320,369,461,518,547,571,641,755
42,69,71,119,165,170,174,284,320,369,461,518,547,571,641
42,69,71,119,165,170,174,284,369,461,518,547,571,625,641
42,69,71,119,165,174,284,320,369,461,518,547,571,625,641
42,71,119,165,170,174,284,369,461,493,518,547,571,625,641
42,71,119,165,170,174,284,369,461,518,540,547,571,625,641
42,71,119,165,170,174,284,320,369,461,518,547,571,625,641
22,42,71,119,165,170,174,284,369,461,518,547,571,625,641
69,71,119,165,170,174,284,320,369,461,518,540,547,571,755
42,71,119,165,170,174,284,369,461,518,540,547,571,625,755
42,69,71,119,165,170,174,284,320,369,461,518,547,571,625
42,69,71,119,165,170,174,284,320,369,461,518,547,571,755
11,22,42,71,119,165,170,174,284,369,445,461,518,547,625
11,42,69,71,119,165,170,174,284,320,369,461,518,547,641
11,42,69,71,119,170,174,284,320,461,518,540,547,641,739,755
11,42,71,119,170,174,284,320,461,518,540,547,641,739,755
11,71,119,170,174,284,320,445,461,518,540,547,641,739,755
11,71,119,170,174,284,320,461,493,518,540,547,641,739,755
11,71,119,170,174,284,320,439,461,518,540,547,641,739,755
11,71,119,170,174,284,320,369,461,518,540,547,641,739,755
11,69,71,119,170,174,284,320,461,518,540,547,641,739,755
11,71,119,170,174,284,320,461,518,540,547,641,733,739,755
11,71,119,170,174,284,320,461,518,540,547,641,739,755,769
11,42,71,119,165,170,174,284,369,461,518,540,547,641,755
11,42,71,119,165,170,174,284,369,461,540,547,641,706,755
11,42,71,119,165,170,174,284,369,445,461,518,547,625,641
22,42,71,119,165,170,174,284,369,445,461,518,547,625,641
42,119,170,174,284,320,369,445,461,493,518,540,547,550,625
42,71,119,170,174,320,369,445,461,493,518,540,547,550,625
42,119,170,174,320,369,445,461,493,518,540,547,550,625,694
42,119,170,174,320,369,445,461,476,493,518,540,547,550,625
69,71,119,165,170,174,284,320,369,461,518,540,547,755,769
42,69,71,119,170,174,320,461,518,540,547,641,706,739,755
69,71,119,165,170,174,284,320,369,461,518,540,547,739,755
42,71,119,165,170,174,284,369,445,461,518,540,547,625,755
42,71,119,165,170,174,284,369,445,461,518,540,547,625,641
42,71,119,165,170,174,284,369,461,518,540,547,625,641,755
42,71,119,170,174,284,320,369,445,461,476,518,540,547,625
42,71,119,170,174,284,369,445,461,518,540,547,625,641,755
69,71,119,165,170,174,284,320,369,461,493,518,540,547,755
42,69,71,119,170,174,284,320,461,493,518,540,547,641,755
69,71,119,170,174,284,320,439,461,493,518,540,547,641,755
42,71,119,170,174,284,320,439,461,493,518,540,547,641,755
69,71,119,165,170,174,284,320,369,445,461,518,540,547,755
42,71,119,165,170,174,284,369,445,461,518,540,547,641,755
42,69,71,119,170,174,284,320,445,461,518,540,547,641,755
42,69,71,119,165,170,174,284,320,369,461,476,518,540,547,755
42,69,71,119,165,170,174,284,320,369,461,518,540,547,641,755
42,69,71,119,165,170,174,284,320,369,461,518,540,547,755
69,71,119,165,170,174,284,320,369,461,518,540,547,641,755
42,71,119,170,174,284,320,369,461,476,518,540,547,641,755
42,71,119,165,170,174,284,369,461,518,540,547,641,706,755
42,71,119,165,170,174,284,369,461,476,518,540,547,641,755
42,69,71,119,170,174,284,320,461,518,540,547,641,706,755
42,69,71,119,170,174,284,320,439,461,518,540,547,641,755
42,69,71,119,170,174,284,320,461,476,518,540,547,641,755
42,71,119,170,174,284,320,369,461,476,493,518,540,547,694
42,71,119,170,174,284,320,439,461,493,518,540,547,694,706
42,71,119,165,170,174,284,320,369,461,476,518,540,547,641
42,69,71,119,170,174,320,369,461,476,518,540,547,641,755
42,69,71,119,170,174,320,461,493,518,540,547,641,706,755
42,69,71,119,170,174,320,439,461,493,518,540,547,641,755
69,71,119,165,170,174,284,320,369,461,493,518,547,641,755
42,69,71,119,165,170,174,284,320,369,461,518,547,641,755
69,71,119,165,170,174,284,320,369,445,461,518,547,641,755
69,71,119,165,170,174,284,320,369,461,518,547,641,739,755
69,71,119,165,170,174,284,320,369,461,518,547,641,755,769
42,71,119,165,170,174,284,369,445,461,518,547,625,641,755
42,69,71,119,165,170,174,284,320,369,461,476,518,547,641
42,71,119,165,170,174,284,369,445,461,518,547,625,641,706
42,71,119,165,170,174,284,369,445,461,518,547,566,625,641
42,69,71,119,165,170,174,284,320,369,439,461,518,547,641
42,71,119,165,170,174,284,369,439,445,461,518,547,625,641
42,71,119,165,170,174,284,369,445,461,493,518,547,625,641
42,69,71,119,165,170,174,284,320,369,445,461,518,547,625,641
42,71,119,165,170,174,284,320,369,445,461,518,547,625,641
42,69,71,119,165,170,174,284,320,369,445,461,518,547,641
42,69,71,119,165,170,174,284,369,445,461,518,547,625,641
42,69,71,119,165,170,174,284,320,369,461,518,547,625,641
42,69,71,119,165,170,174,284,320,369,461,518,547,625,755
42,71,119,165,170,174,284,369,445,461,476,518,547,625,755
42,69,71,119,165,170,174,284,320,369,461,493,518,547,755
42,69,71,119,165,170,174,284,320,369,461,518,547,755,769
42,69,71,119,165,170,174,284,320,369,461,518,547,739,755
42,69,71,119,165,170,174,284,320,369,445,461,518,547,755
69,71,119,165,170,174,284,320,369,461,518,547,739,755,769
69,71,119,165,170,174,284,320,369,461,493,518,547,694,755
42,69,71,119,165,170,174,284,320,369,445,461,518,547,625
17,42,71,119,170,174,284,369,445,461,493,518,547,625,694
17,42,71,119,165,170,174,284,369,445,461,518,547,625,694
42,71,119,165,170,174,284,369,445,461,540,547,641,706,755
42,69,71,119,165,170,174,284,369,445,461,540,547,641,755
42,71,119,165,170,174,284,369,445,461,540,547,625,641,755
69,71,119,165,170,174,284,320,369,445,461,540,547,641,755
42,69,71,119,165,170,174,284,320,369,445,461,540,547,755
42,69,71,119,165,170,174,284,369,461,540,547,641,706,755
42,69,71,119,165,170,174,284,320,369,461,476,540,547,641,755
42,69,71,119,165,170,174,284,320,369,461,476,540,547,755
42,69,71,119,165,170,174,284,320,369,461,540,547,641,755
42,69,71,119,165,170,174,284,369,439,461,540,547,641,755
69,71,119,165,170,174,284,320,369,439,461,540,547,641,755
42,69,71,119,165,170,174,284,320,369,445,461,547,641,755
42,69,71,79,170,174,186,216,320,461,493,518,547,571,794
42,69,71,79,170,174,186,216,284,320,461,493,518,547,571
42,69,71,79,170,174,186,216,320,461,493,518,540,547,571
42,69,71,79,170,174,186,216,320,461,493,518,547,571,755
42,69,71,79,170,174,186,216,320,445,461,493,518,547,571
42,69,71,79,170,174,186,216,320,461,493,518,547,571,694
42,69,71,79,170,174,186,216,445,461,493,547,571,755,794
42,69,71,79,170,174,186,216,461,493,540,547,571,755,794
42,69,71,79,170,174,186,216,320,461,493,547,571,755,794
12,42,69,71,79,170,174,186,216,461,493,547,571,755,794
42,69,71,79,170,174,186,216,445,461,493,540,547,571,794
12,42,69,71,79,170,174,186,216,461,493,540,547,571,794
42,69,71,79,170,174,186,216,320,461,493,540,547,571,794
42,69,71,79,170,174,186,216,320,445,461,493,547,571,794
12,42,69,71,79,170,174,186,216,320,461,493,547,571,794
12,42,69,71,79,170,174,186,216,445,461,493,547,571,794
42,69,71,79,170,174,186,216,320,461,493,547,571,739,755
42,69,71,79,170,174,186,216,445,461,493,540,547,571,755
42,69,71,79,170,174,186,216,320,445,461,493,547,571,755
42,69,71,79,170,174,186,216,320,461,493,540,547,571,755
42,69,71,79,170,174,186,216,320,445,461,493,540,547,571
71,79,170,174,216,320,369,445,461,493,518,540,547,694,769
71,79,170,174,216,320,369,445,461,493,518,547,694,755,769
71,79,170,174,216,284,320,369,445,461,493,518,547,694,769
71,79,170,174,216,320,369,445,461,493,540,547,694,755,769
71,79,170,174,216,284,320,369,445,461,493,540,547,694,769
71,79,170,174,216,284,320,369,445,461,493,547,694,755,769
71,79,170,174,216,320,369,445,461,493,547,694,739,755,769
71,79,170,174,216,320,369,445,461,493,547,641,694,755,769
71,170,174,284,320,369,461,493,518,547,641,694,739,755,769
71,170,174,284,320,369,461,493,518,540,547,641,694,755,769
71,170,174,216,284,320,369,461,493,518,547,641,694,755,769
71,170,174,284,320,369,461,493,518,540,547,694,739,755,769
71,170,174,216,284,320,369,461,493,518,540,547,694,755,769
69,71,165,170,174,284,320,369,461,493,518,547,694,755,769
71,79,170,174,216,284,320,369,461,493,518,547,694,755,769
71,170,174,216,284,320,369,461,493,518,547,694,739,755,769
71,79,170,174,216,320,369,461,493,518,540,547,694,755,769
71,170,174,216,320,369,461,493,518,540,547,641,694,755,769
71,170,174,216,320,369,461,493,518,540,547,694,739,755,769
71,79,170,174,216,320,369,461,493,518,547,694,739,755,769
71,79,170,174,216,320,369,461,493,518,547,641,694,755,769
71,170,174,216,320,369,461,493,518,547,641,694,739,755,769
71,170,174,320,369,439,461,493,518,540,547,641,694,755,769
71,170,174,320,369,461,493,518,540,547,641,694,739,755,769
71,79,170,174,216,284,320,369,461,493,547,641,694,755,769
71,170,174,216,284,320,369,461,493,547,641,694,739,755,769
71,170,174,216,284,320,369,461,493,540,547,641,694,755,769
71,170,174,284,320,369,461,493,540,547,641,694,739,755,769
71,170,174,284,320,369,439,461,493,540,547,641,694,755,769
71,79,170,174,216,284,320,369,461,493,547,694,739,755,769
71,170,174,216,284,320,369,461,493,540,547,694,739,755,769
71,79,170,174,216,284,320,369,461,493,540,547,694,755,769
71,79,170,174,216,320,369,461,493,540,547,694,739,755,769
71,170,174,216,320,369,461,493,540,547,641,694,739,755,769
71,170,174,320,369,439,461,493,540,547,641,694,739,755,769
71,79,170,174,216,320,369,461,493,540,547,641,694,755,769
71,170,174,216,320,369,439,461,493,540,547,641,694,755,769
71,79,170,174,216,320,369,461,493,547,641,694,739,755,769
71,79,170,174,216,284,320,369,461,493,518,540,547,694,769
71,79,170,174,216,320,439,461,493,540,547,641,694,755,769
71,170,174,216,320,439,461,493,518,540,547,641,694,755,769
71,170,174,284,320,439,461,493,518,540,547,641,694,755,769
71,170,174,320,439,461,493,518,540,547,641,694,739,755,769
71,170,174,216,284,320,439,461,493,540,547,641,694,755,769
71,170,174,284,320,439,461,493,540,547,641,694,739,755,769
71,170,174,216,320,439,461,493,540,547,641,694,739,755,769
